asin,isbn
B000FBFNWO,9780553897920
B000FBJCJE,9780553380958
B000FC11A6,9781446440520
B000FC11GA,9780062421074
B000FC1KIY,9780375726057
B000VMBYPC,9781594482564
B001AOZ3PM,9780521386739
B001L4Z6YO,9780679744399
B001R11CAI,9780140283303
B002RI9D2E,9781387962600
B002U5HKZ6,9781741987300
B002XHNMN0,9780140445688
B0030P1WN6,9780553348477
B003100UPG,9780061561795
B003XREM5G,9781442087903
B003XT60JU,0394574753
B0044DEFSC,9780571269471
B0047Y171G,9780316129084
B004XVN0WW,9780061977961
B004ZZJBW4,9780679745402
B005199XNU,9780819571953
B005CRQ2Y4,9780061849923
B005IQKF8S,9781446498026
B005LALG9S,9780285638532
B005MZN2B2,9780739444030
B006ATIBII,9780375726538
B006O4V7Q2,9780753807408
B0082RVDYU,9780008166755
B0083DJXCM,9781416507789
B0083ZBUXU,9785551920694
B00851M31K,9780571290802
B0087GJ5WI,9781365400858
B009MBTRHA,9780547527543
B009U9S6FI,9780807014271
B009WA8ZKG,9781250209061
B00D0K3FQI,9780312429218
B00H12DXZY,9781849351348
B00HE2JK7G,9780375706684
B00I51ZMDQ,9781780228938
B00ICNOGHU,9780698170704
B00INIXKV2,9780425276235
B00IQO403K,9781784971571
B00IW4XVF2,9780676979312
B00JOK9GNO,9781316025215
B00M1DRW6O,9781476787817
B00MLDU9UU,9781907773761
B00V8SSBCM,9780802191557
B00WDVKZY0,9781788542197
B0178KCA3E,9780871406736
B01BX7S1M2,9781631491351
B01DYJJ6Z8,9780571325238
B01II3RW6K,9780375705441
B01LYE4DOB,9781250160003
B01N4M1BQY,9781847924889
B06WGNPRNT,9781784785772
B076B5XV2T,9780415487382
B07B4752KQ,9780807062999
B083G6NPWW,9781616960100
B084FY1NXB,9780356508856
B084JSK89X,9781786899941
